Group 1,Group 2,H,p-value,q-value
F (n=46),M (n=48),0.24919908466819152,0.6176395919431223,0.6176395919431223
