Group 1,Group 2,H,p-value,q-value
F (n=46),M (n=48),0.3480549199084635,0.555216263237962,0.555216263237962
