Group 1,Group 2,H,p-value,q-value
F (n=46),M (n=48),0.17305491990845212,0.6774109531628889,0.6774109531628889
