Group 1,Group 2,H,p-value,q-value
F (n=46),M (n=48),0.28032036613268474,0.5964913142980954,0.5964913142980954
